<?xml version='1.0' encoding='UTF-8'?>

<!-- =========== FULL CONFIGURATION FILE ================================== -->

<faces-config version="2.1"
              xmlns="http://java.sun.com/xml/ns/javaee"
              xmlns:xsi="http://www.w3.org/2001/XMLSchema-instance"
              xsi:schemaLocation="http://java.sun.com/xml/ns/javaee http://java.sun.com/xml/ns/javaee/web-facesconfig_2_1.xsd">
    
   <application>
         <resource-bundle>
            <base-name>com.dvdlibrary.resources.messages</base-name>
            <var>msg</var>
        </resource-bundle>
   <locale-config>
      <default-locale>en</default-locale>
      <supported-locale>de</supported-locale>
   </locale-config>
      <message-bundle>com.dvdlibrary.resources.errors</message-bundle>
</application>    
    
    <navigation-rule>
        <from-view-id>/*</from-view-id>
        <navigation-case>
            <from-outcome>home</from-outcome>
<to-view-id>/list.xhtml</to-view-id>

        </navigation-case>
    </navigation-rule>
    <navigation-rule>
        <from-view-id>/*</from-view-id>
        <navigation-case>
            <from-outcome>add</from-outcome>
            <if>#{empty login.username}</if>
            <to-view-id>/login.xhtml</to-view-id>
        </navigation-case>
        <navigation-case>
            <from-outcome>add</from-outcome>
            <to-view-id>/add.xhtml</to-view-id>
        </navigation-case>
    </navigation-rule>
    
    
</faces-config>
